"Advice to Consumers, Retailers and Restaurants  | Multistate Outbreak of Salmonella Typhimurium Linked to Chicken Salad | February 2018 | Salmonella | CDC",https://www.cdc.gov/salmonella/typhimurium-02-18/advice.html
CDC - Workplace Safety and Health,https://www.cdc.gov/workplace/
Global COVID-19 | CDC,https://www.cdc.gov/coronavirus/2019-ncov/global-covid-19/index.html
Immunization and Respiratory Diseases (NCIRD) Home | CDC,https://www.cdc.gov/ncird/index.html
Our Approach|Injury Center|CDC,https://www.cdc.gov/injury/about/approach.html
Adverse Childhood Experiences | Injury | CDC,https://www.cdc.gov/injury/priority/aces.html
What Works: Overview | Adolescent and School Health | CDC,https://www.cdc.gov/healthyyouth/whatworks/what-works-overview.htm
Children In Disasters Real Stories: Zac | CDC,https://www.cdc.gov/childrenindisasters/real-stories/specialneeds/zac.html
CDC - Mining - About Us - NIOSH,https://www.cdc.gov/niosh/mining/aboutus/aboutus.html
Bioterrorism  | Smallpox | CDC,https://www.cdc.gov/smallpox/bioterrorism/public/index.html
How Are You Feeling? | CDC,https://www.cdc.gov/populationhealth/well-being/features/how-right-now.htm
Deliver Professional Development Offerings  | Adolescent and School Health | CDC,https://www.cdc.gov/healthyyouth/professional_development/deliver/index.htm
Hepatitis D - FAQs and Laboratory Testing Requests | CDC,https://www.cdc.gov/hepatitis/hdv/index.htm
Types of Discrimination | Frequently Asked Questions | OEEO,https://www.cdc.gov/eeo/faqs/discrimination.htm
Case Investigation and Contact Tracing : Part of a Multipronged Approach to Fight the COVID-19 Pandemic  | CDC,https://www.cdc.gov/coronavirus/2019-ncov/php/principles-contact-tracing.html
The Kindness of Strangers,https://www.cdc.gov/coronavirus/2019-ncov/communication/responder-stories/contact-tracing-kindness-strangers.html
Advice to Backyard Flock Owners (Final Update)  | Salmonella Infections Linked to Live Poultry | July 2015 | Salmonella | CDC,https://www.cdc.gov/salmonella/live-poultry-07-15/advice.html
Multistate Outbreak of Salmonella Typhimurium Infections Linked to Dried Coconut | March 2018 | Salmonella | CDC,https://www.cdc.gov/salmonella/typhimurium-03-18/index.html
"May 8, 2009: Investigation Outbreak of Infections Caused by Salmonella Saintpaul | CDC Salmonella",https://www.cdc.gov/salmonella/2009/raw-alfalfa-sprouts-5-8-2009.html
Violence Impacts Teens’ Lives | CDC,https://www.cdc.gov/injury/features/teen-violence-impact/index.html
Guidance and Resources During Disruption of STD Clinical Services ,https://www.cdc.gov/std/prevention/disruptionGuidance.htm
YRBSS | Youth Risk Behavior Surveillance System | Data | Adolescent and School Health | CDC,https://www.cdc.gov/healthyyouth/data/yrbs/index.htm
Outbreak of Salmonella Infections Linked to Pre-Cut Melons  | Outbreak of Salmonella Infections Linked to Pre-Cut Melon | April 2019 | Salmonella | CDC,https://www.cdc.gov/salmonella/carrau-04-19/index.html
Genital Herpes - STD information from CDC,https://www.cdc.gov/std/Herpes
"Signs & Symptoms (Final Update)  | Salmonella Enteritidis Infections Linked to Raw, Frozen, Stuffed Chicken Entrees Produced by Barber Foods | October 2015 | Salmonella | CDC",https://www.cdc.gov/salmonella/frozen-chicken-entrees-07-15/signs-symptoms.html
Safe Water | EHS Activities | EHS | CDC,https://www.cdc.gov/nceh/ehs/activities/water.html
CDC Recommends Use of Johnson & Johnson’s Janssen COVID-19 Vaccine Resume  | CDC,https://www.cdc.gov/coronavirus/2019-ncov/vaccines/safety/JJUpdate.html
CDC | NCEH A to Z Index | R,https://www.cdc.gov/nceh/az/r.html
Positive Youth Development | CDC,https://www.cdc.gov/healthyyouth/safe-supportive-environments/positive-youth-development.htm
Toolkit for Older Adults & People at Higher Risk  | CDC,https://www.cdc.gov/coronavirus/2019-ncov/communication/toolkits/older-adults-and-people-at-higher-risk.html
Influenza Hospitalization Surveillance Network (FluSurv-NET) | CDC,https://www.cdc.gov/flu/weekly/influenza-hospitalization-surveillance.htm
CDC - Preventing Chronic Disease: Editorial Policy,https://www.cdc.gov/pcd/about_the_journal/editorial_policy.htm
Brote multiestatal de infecciones por Salmonella Urbana asociado a papayas maradol importadas | Septiembre 2017 | Salmonella | CDC,https://www.cdc.gov/salmonella/urbana-09-17/es/index.html
CDC Radiation Emergencies | Radioisotope Brief: Cobalt-60 (Co-60),https://www.cdc.gov/nceh/radiation/emergencies/isotopes/cobalt.htm
"Spokesperson Portfolio - Michael J. Beach, PhD | CDC Online Newsroom | CDC",https://www.cdc.gov/media/spokesperson/beach/index.html
Timeline of Reported Cases  | Outbreak of Salmonella Infections Linked to Backyard Poultry | May 2020 | Salmonella | CDC,https://www.cdc.gov/salmonella/backyardpoultry-05-20/epi.html
Fragile X Syndrome | Disease or Condition of the Week | CDC,https://www.cdc.gov/dotw/fragile-x/index.html
Take Action: Paperwork – Resources | Prepare Your Health | CDC,https://www.cdc.gov/prepyourhealth/takeaction/paperwork/resources.htm
CDC | NCEH A to Z Index | G,https://www.cdc.gov/nceh/az/g.html
Information for Health Professionals  | Outbreak of Listeriosis Linked to Blue Bell Creameries Ice Cream Products | Listeria | CDC,https://www.cdc.gov/listeria/outbreaks/ice-cream-03-15/health-professionals.html
"Protecting Voices, Votes, and Culture  | CDC",https://www.cdc.gov/coronavirus/2019-ncov/communication/responder-stories/AdaDieke.html
Adult Obesity Prevalence Maps  | Overweight & Obesity | CDC,https://www.cdc.gov/obesity/data/prevalence-maps.html
COVID-19: Retirement Communities FAQs  | CDC,https://www.cdc.gov/coronavirus/2019-ncov/community/retirement/faq.html
Strategies for Optimizing the Supply of Facemasks: COVID-19 | CDC,https://www.cdc.gov/coronavirus/2019-ncov/hcp/ppe-strategy/face-masks.html
Reporting Trends in Number of COVID-19 Vaccinations  | CDC,https://www.cdc.gov/coronavirus/2019-ncov/vaccines/reporting-trends.html
What to Do During a Radiation Emergency: Get Inside | CDC,https://www.cdc.gov/nceh/radiation/emergencies/getinside.htm
CDC - For Clinicians - Chronic Obstructive Pulmonary Disease (COPD),https://www.cdc.gov/copd/for-clinicians.html
Childhood Obesity Healthcare  | Overweight & Obesity | CDC,https://www.cdc.gov/obesity/strategies/healthcare/index.html
CDC - Health Department Sites and Governance - STLT Gateway,https://www.cdc.gov/stltpublichealth/sitesgovernance/
CDC - Advice to Consumers - Salmonella Typhimurium and Salmonella Newport Infections Linked to Cantaloupe - Salmonella,https://www.cdc.gov/salmonella/typhimurium-cantaloupe-08-12/advice-consumers.html
Care for Breastfeeding Women | CDC,https://www.cdc.gov/coronavirus/2019-ncov/hcp/care-for-breastfeeding-women.html
Learning Disorders in Children | CDC,https://www.cdc.gov/ncbddd/childdevelopment/learning-disorder.html
Effective STD Interventions,https://www.cdc.gov/std/program/interventions.htm
Information by Topic | Smoking & Tobacco Use | CDC,https://www.cdc.gov/tobacco/data_statistics/by_topic/index.htm
2016 Surgeon General's Report: E-Cigarette Use Among Youth and Young Adults | CDC,https://www.cdc.gov/tobacco/data_statistics/sgr/e-cigarettes/index.htm
Map of Reported Cases  | Outbreak of Salmonella Infections Linked to Ground Beef | October 2018 | Salmonella | CDC,https://www.cdc.gov/salmonella/newport-10-18/map.html
CDC - Performance Improvement Workforce Development - STLT Gateway,https://www.cdc.gov/publichealthgateway/professional/piworkforce.html?s_cid=cstlts-gateway-h-06-2021-piw
Travelers' Health | CDC,https://www.cdc.gov/travel/page/pregnant-travelers
Timeline of Reported Cases  | Outbreak of Listeria Infections Linked to Deli-Sliced Products | April 2019 | Listeria | CDC,https://www.cdc.gov/listeria/outbreaks/deliproducts-04-19/epi.html
Division of Safety Research (DSR) | NIOSH | CDC,https://www.cdc.gov/niosh/contact/im-dsr.html
Community-level Seroprevalence Surveys  | CDC,https://www.cdc.gov/coronavirus/2019-ncov/cases-updates/community-level-seroprevalence-surveys.html
Immunization and Respiratory Diseases (NCIRD) Home | CDC,https://www.cdc.gov/ncird
Travelers' Health | CDC,https://www.cdc.gov/travel/yellowbook/2020/table-of-contents
Signs & Symptoms (Final Update)  | Multistate Outbreak of Salmonella Anatum Infections Linked to Imported Maradol Papayas | September 2017 | Salmonella | CDC,https://www.cdc.gov/salmonella/anatum-9-17/signs-symptoms.html
Community and Faith-Based Organizations  | Pandemic Influenza (Flu) | CDC,https://www.cdc.gov/flu/pandemic-resources/archived/community-planning.html
Travelers' Health | CDC,https://www.cdc.gov/travel/diseases/pneumococcal-disease-streptococcus-pneumoniae
CDC - Publications - Chronic Obstructive Pulmonary Disease (COPD),https://www.cdc.gov/copd/publications-by-data-source.html
"Modeling Immune Evasion and Vaccine Limitations by Targeted Nasopharyngeal Bordetella pertussis Inoculation in Mice - Volume 27, Number 8—August 2021 - Emerging Infectious Diseases journal - CDC",https://www.cdc.gov/eid/article/27/8/20-3566_article
Travelers' Health | CDC,https://www.cdc.gov/travel/destinations/traveler/none/saint-martin
Travelers' Health | CDC,https://www.cdc.gov/travel/page/yellow-fever-registry-faq
Travelers' Health | CDC,https://www.cdc.gov/travel/destinations/traveler/none/falkland-islands
Travelers' Health | CDC,https://www.cdc.gov/travel/destinations/traveler/none/germany
Administration Overview for Moderna COVID-19 Vaccine | CDC,https://www.cdc.gov/vaccines/covid-19/info-by-product/moderna/index.html
CDC and Children In Disasters | CDC,https://www.cdc.gov/childrenindisasters/about-us.html
Concussions | Disease or Condition of the Week | CDC,https://www.cdc.gov/dotw/concussions/index.html
Travelers' Health | CDC,https://www.cdc.gov/travel/page/faq
Travelers' Health | CDC,https://www.cdc.gov/travel/diseases/influenza-seasonal-zoonotic-and-pandemic
Enlácese a CDC en Español,https://www.cdc.gov/spanish/CDC/enlacese.html
"Disparities in COVID-19 Vaccination Coverage Among Health Care Personnel Working in Long-Term Care Facilities, by Job Category, National Healthcare Safety Network — United States, March 2021  | MMWR",https://www.cdc.gov/mmwr/volumes/70/wr/mm7030a2.htm?s_cid=mm7030a2_x
CDC’s Vaccine Effectiveness Networks | CDC,https://www.cdc.gov/flu/vaccines-work/vaccine-effectiveness-networks.htm
Digital Media Toolkit | Prepare Your Health | CDC,https://www.cdc.gov/prepyourhealth/toolkits/index.htm
Publications | What We Do | NCEZID | CDC,https://www.cdc.gov/ncezid/what-we-do/ncezid-publications.html
Travelers' Health | CDC,https://www.cdc.gov/travel/destinations/traveler/none/south-africa
Travelers Prohibited from Entry to the United States | CDC,https://www.cdc.gov/coronavirus/2019-ncov/travelers/from-other-countries.html
Salmonella Homepage | CDC,https://www.cdc.gov/salmonella
Creating a visual abstract for your PCD manuscript,https://www.cdc.gov/pcd/for_authors/visual_abstracts.htm
Schedule Tour | David J. Sencer CDC Museum | CDC,https://www.cdc.gov/museum/tours/index.htm
What's New on the NIOSH Website 2016 | NIOSH | CDC,https://www.cdc.gov/niosh/whatsnew/whatsnew16.html
Eating Out | CDC,https://www.cdc.gov/diabetes/managing/eat-well/eating-out.html
Map of Reported Cases  | Outbreak of Salmonella Infections Linked to Ground Beef | November 2019 | Salmonella | CDC,https://www.cdc.gov/salmonella/dublin-11-19/map.html
